-- Active: 1699327853942@@127.0.0.1@5432@s21_info

insert into peers values('norridge', '1989-04-02');
insert into peers values('georgier', '1999-02-05');
insert into peers values('hildabur', '1999-10-15');
insert into peers values('vulpixta', '2001-12-26');
insert into peers values('mashagwi', '2000-12-24');
insert into peers values('lassandra', '1990-02-12');
insert into peers values('mavissig', '1995-05-08');

insert into transferredpoints("checkingpeer","checkedpeer","pointsamount") values('hildabur', 'mavissig', 3);
insert into transferredpoints("checkingpeer","checkedpeer","pointsamount") values ('mashagwi', 'mavissig', 1);
insert into transferredpoints("checkingpeer","checkedpeer","pointsamount") values ('lassandra', 'hildabur', 3);
insert into transferredpoints("checkingpeer","checkedpeer","pointsamount") values ('lassandra', 'vulpixta', 4);
insert into transferredpoints("checkingpeer","checkedpeer","pointsamount") values ('hildabur', 'lassandra', 1);
insert into transferredpoints("checkingpeer","checkedpeer","pointsamount") values ('mashagwi', 'hildabur', 1);
insert into transferredpoints("checkingpeer","checkedpeer","pointsamount") values ('lassandra', 'mavissig', 1);
insert into transferredpoints("checkingpeer","checkedpeer","pointsamount") values ('hildabur', 'mashagwi', 1);
insert into transferredpoints("checkingpeer","checkedpeer","pointsamount") values ('mashagwi', 'lassandra', 3);
insert into transferredpoints("checkingpeer","checkedpeer","pointsamount") values ('hildabur', 'vulpixta', 2);
insert into transferredpoints("checkingpeer","checkedpeer","pointsamount") values ('mashagwi', 'norridge', 3);
insert into transferredpoints("checkingpeer","checkedpeer","pointsamount") values ('lassandra', 'norridge', 3);
insert into transferredpoints("checkingpeer","checkedpeer","pointsamount") values ('georgier', 'mavissig', 1);
insert into transferredpoints("checkingpeer","checkedpeer","pointsamount") values ('georgier', 'mashagwi', 4);
insert into transferredpoints("checkingpeer","checkedpeer","pointsamount") values ('hildabur', 'georgier', 1);
insert into transferredpoints("checkingpeer","checkedpeer","pointsamount") values ('mashagwi', 'georgier', 2);
insert into transferredpoints("checkingpeer","checkedpeer","pointsamount") values ('vulpixta', 'mavissig', 1);
insert into transferredpoints("checkingpeer","checkedpeer","pointsamount") values ('norridge', 'mavissig', 2);
insert into transferredpoints("checkingpeer","checkedpeer","pointsamount") values ('georgier', 'norridge', 1);
insert into transferredpoints("checkingpeer","checkedpeer","pointsamount") values ('vulpixta', 'hildabur', 2);
insert into transferredpoints("checkingpeer","checkedpeer","pointsamount") values ('norridge', 'vulpixta', 3);
insert into transferredpoints("checkingpeer","checkedpeer","pointsamount") values ('georgier', 'hildabur', 1);
insert into transferredpoints("checkingpeer","checkedpeer","pointsamount") values ('vulpixta', 'norridge', 1);
insert into transferredpoints("checkingpeer","checkedpeer","pointsamount") values ('norridge', 'mashagwi', 1);
insert into transferredpoints("checkingpeer","checkedpeer","pointsamount") values ('vulpixta', 'lassandra', 1);
insert into transferredpoints("checkingpeer","checkedpeer","pointsamount") values ('mavissig', 'norridge', 2);
insert into transferredpoints("checkingpeer","checkedpeer","pointsamount") values ('mavissig', 'hildabur', 2);
insert into transferredpoints("checkingpeer","checkedpeer","pointsamount") values ('mavissig', 'mashagwi', 1);
insert into transferredpoints("checkingpeer","checkedpeer","pointsamount") values ('mavissig', 'lassandra', 1);
insert into transferredpoints("checkingpeer","checkedpeer","pointsamount") values ('georgier', 'vulpixta', 1);
insert into transferredpoints("checkingpeer","checkedpeer","pointsamount") values ('hildabur', 'mavissig', 3);
insert into transferredpoints("checkingpeer","checkedpeer","pointsamount") values ('mashagwi', 'mavissig', 1);
insert into transferredpoints("checkingpeer","checkedpeer","pointsamount") values ('lassandra', 'hildabur', 3);
insert into transferredpoints("checkingpeer","checkedpeer","pointsamount") values ('lassandra', 'vulpixta', 4);
insert into transferredpoints("checkingpeer","checkedpeer","pointsamount") values ('hildabur', 'lassandra', 1);
insert into transferredpoints("checkingpeer","checkedpeer","pointsamount") values ('mashagwi', 'hildabur', 1);
insert into transferredpoints("checkingpeer","checkedpeer","pointsamount") values ('lassandra', 'mavissig', 1);
insert into transferredpoints("checkingpeer","checkedpeer","pointsamount") values ('hildabur', 'mashagwi', 1);
insert into transferredpoints("checkingpeer","checkedpeer","pointsamount") values ('mashagwi', 'lassandra', 3);
insert into transferredpoints("checkingpeer","checkedpeer","pointsamount") values ('hildabur', 'vulpixta', 2);
insert into transferredpoints("checkingpeer","checkedpeer","pointsamount") values ('mashagwi', 'norridge', 3);
insert into transferredpoints("checkingpeer","checkedpeer","pointsamount") values ('lassandra', 'norridge', 3);
insert into transferredpoints("checkingpeer","checkedpeer","pointsamount") values ('georgier', 'mavissig', 1);
insert into transferredpoints("checkingpeer","checkedpeer","pointsamount") values ('georgier', 'mashagwi', 4);
insert into transferredpoints("checkingpeer","checkedpeer","pointsamount") values ('hildabur', 'georgier', 1);
insert into transferredpoints("checkingpeer","checkedpeer","pointsamount") values ('mashagwi', 'georgier', 2);
insert into transferredpoints("checkingpeer","checkedpeer","pointsamount") values ('vulpixta', 'mavissig', 1);
insert into transferredpoints("checkingpeer","checkedpeer","pointsamount") values ('norridge', 'mavissig', 2);
insert into transferredpoints("checkingpeer","checkedpeer","pointsamount") values ('georgier', 'norridge', 1);
insert into transferredpoints("checkingpeer","checkedpeer","pointsamount") values ('vulpixta', 'hildabur', 2);
insert into transferredpoints("checkingpeer","checkedpeer","pointsamount") values ('norridge', 'vulpixta', 3);
insert into transferredpoints("checkingpeer","checkedpeer","pointsamount") values ('georgier', 'hildabur', 1);
insert into transferredpoints("checkingpeer","checkedpeer","pointsamount") values ('vulpixta', 'norridge', 1);
insert into transferredpoints("checkingpeer","checkedpeer","pointsamount") values ('norridge', 'mashagwi', 1);
insert into transferredpoints("checkingpeer","checkedpeer","pointsamount") values ('vulpixta', 'lassandra', 1);
insert into transferredpoints("checkingpeer","checkedpeer","pointsamount") values ('mavissig', 'norridge', 2);
insert into transferredpoints("checkingpeer","checkedpeer","pointsamount") values ('mavissig', 'hildabur', 2);
insert into transferredpoints("checkingpeer","checkedpeer","pointsamount") values ('mavissig', 'mashagwi', 1);
insert into transferredpoints("checkingpeer","checkedpeer","pointsamount") values ('mavissig', 'lassandra', 1);
insert into transferredpoints("checkingpeer","checkedpeer","pointsamount") values ('georgier', 'vulpixta', 1);

TRUNCATE tasks CASCADE;

insert into tasks values('DO1', null, 300);
insert into tasks values('DO2', 'DO1', 250);
insert into tasks values('DO3', 'DO2', 350);
insert into tasks values('DO4', 'DO3', 350);
insert into tasks values('DO5', 'DO4', 300);
insert into tasks values('DO6', 'DO5', 300);

insert into tasks values('CPP1', 'DO6', 300);
insert into tasks values('CPP2', 'CPP1', 400);
insert into tasks values('CPP3', 'CPP2', 300);
insert into tasks values('CPP4', 'CPP3', 350);
insert into tasks values('CPP5', 'CPP4', 400);

insert into tasks values('A1', 'CPP5', 300);
insert into tasks values('A2', 'A1', 400);
insert into tasks values('A3', 'A2', 300);
insert into tasks values('A4', 'A3', 350);
insert into tasks values('A5', 'A4', 400);
insert into tasks values('A6', 'A5', 700);
insert into tasks values('A7', 'A6', 800);
insert into tasks values('A8', 'A7', 800);

insert into tasks values('SQL1', 'A8', 1500);
insert into tasks values('SQL2', 'SQL1', 500);
insert into tasks values('SQL3', 'SQL2', 600);


insert into checks("peer","task","date") values('hildabur', 'DO1', '2023-12-01');
insert into checks("peer","task","date") values('mashagwi', 'A1', '2023-12-01');
insert into checks("peer","task","date") values('lassandra', 'A1', '2023-12-01');
insert into checks("peer","task","date") values('lassandra', 'A2', '2023-12-03');
insert into checks("peer","task","date") values('hildabur', 'DO2', '2023-12-10');
insert into checks("peer","task","date") values('mashagwi', 'A2', '2023-12-10');
insert into checks("peer","task","date") values('lassandra', 'A3', '2023-12-10');

insert into checks("peer","task","date") values('hildabur', 'DO3', '2023-12-15');
insert into checks("peer","task","date") values('mashagwi', 'A3', '2023-12-15');
insert into checks("peer","task","date") values('lassandra', 'A4', '2023-12-15');

insert into checks("peer","task","date") values('hildabur', 'DO4', '2023-12-24');
insert into checks("peer","task","date") values('mashagwi', 'A4', '2023-12-24');
insert into checks("peer","task","date") values('lassandra', 'A5', '2023-12-24');

insert into checks("peer","task","date") values('hildabur', 'DO5', '2023-01-03');
insert into checks("peer","task","date") values('georgier', 'DO1', '2023-01-03');
insert into checks("peer","task","date") values('mashagwi', 'A5', '2023-01-03');

insert into checks("peer","task","date") values('georgier', 'DO1', '2023-01-05');

insert into checks("peer","task","date") values('georgier', 'DO2', '2023-01-15');
insert into checks("peer","task","date") values('hildabur', 'DO6', '2023-01-15');
insert into checks("peer","task","date") values('mashagwi', 'A6', '2023-01-15');
insert into checks("peer","task","date") values('lassandra', 'A6', '2023-01-15');

insert into checks("peer","task","date") values('hildabur', 'CPP1', '2023-02-01');
insert into checks("peer","task","date") values('georgier', 'CPP1', '2023-02-01');
insert into checks("peer","task","date") values('mashagwi', 'A7', '2023-02-01');
insert into checks("peer","task","date") values('lassandra', 'A7', '2023-02-01');

insert into checks("peer","task","date") values('vulpixta', 'CPP1', '2023-02-04');
insert into checks("peer","task","date") values('norridge', 'CPP1', '2023-02-04');

insert into checks("peer","task","date") values('georgier', 'CPP2', '2023-02-05');
insert into checks("peer","task","date") values('vulpixta', 'CPP2', '2023-02-05');
insert into checks("peer","task","date") values('norridge', 'CPP2', '2023-02-05');

insert into checks("peer","task","date") values('georgier', 'CPP2', '2023-02-09');
insert into checks("peer","task","date") values('vulpixta', 'CPP3', '2023-02-09');
insert into checks("peer","task","date") values('norridge', 'CPP3', '2023-02-09');

insert into checks("peer","task","date") values('georgier', 'CPP3', '2023-02-12');
insert into checks("peer","task","date") values('mashagwi', 'A8', '2023-02-12');
insert into checks("peer","task","date") values('vulpixta', 'CPP4', '2023-02-12');
insert into checks("peer","task","date") values('lassandra', 'A8', '2023-02-12');
insert into checks("peer","task","date") values('norridge', 'CPP4', '2023-02-12');

insert into checks("peer","task","date") values('norridge', 'CPP5', '2023-02-25');

insert into checks("peer","task","date") values('mashagwi', 'SQL1', '2023-02-27');
insert into checks("peer","task","date") values('lassandra', 'A8', '2023-02-27');
insert into checks("peer","task","date") values('vulpixta', 'CPP5', '2023-02-27');
insert into checks("peer","task","date") values('mavissig', 'SQL1', '2023-02-27');
insert into checks("peer","task","date") values('lassandra', 'SQL1', '2023-02-27');
insert into checks("peer","task","date") values('norridge', 'CPP5', '2023-02-27');

insert into checks("peer","task","date") values('lassandra', 'SQL2', '2023-03-01');
insert into checks("peer","task","date") values('mavissig', 'SQL2', '2023-03-01');

insert into checks("peer","task","date") values('mavissig', 'SQL3', '2023-03-05');

insert into checks("peer","task","date") values('mavissig', 'SQL3', '2023-03-06');

insert into checks("peer","task","date") values('mavissig', 'SQL3', '2023-03-07');
insert into checks("peer","task","date") values('georgier', 'DO2', '2023-03-07');
insert into checks("peer","task","date") values('hildabur', 'SQL1', '2023-03-07');
insert into checks("peer","task","date") values('norridge', 'CPP5', '2023-03-07');

insert into checks("peer","task","date") values('georgier', 'DO1', '2023-03-08');


insert into p2p("Check","checkingpeer","State","Time") values(1, 'mavissig', 'Start', '16:00:57');
insert into p2p("Check","checkingpeer","State","Time") values(1, 'mavissig', 'Success', '17:00:25');

insert into p2p("Check","checkingpeer","State","Time") values(2, 'mavissig', 'Start', '16:18:57');
insert into p2p("Check","checkingpeer","State","Time") values(2, 'mavissig', 'Success', '17:00:25');

insert into p2p("Check","checkingpeer","State","Time") values(3, 'hildabur', 'Start', '15:00:40');
insert into p2p("Check","checkingpeer","State","Time") values(3, 'hildabur', 'Success', '15:26:22');

insert into p2p("Check","checkingpeer","State","Time") values(4, 'vulpixta', 'Start', '15:00:40');
insert into p2p("Check","checkingpeer","State","Time") values(4, 'vulpixta', 'Success', '15:26:22');

insert into p2p("Check","checkingpeer","State","Time") values(5, 'lassandra', 'Start', '15:16:17');
insert into p2p("Check","checkingpeer","State","Time") values(5, 'lassandra', 'Success', '16:17:18');

insert into p2p("Check","checkingpeer","State","Time") values(6, 'hildabur', 'Start', '18:15:20');
insert into p2p("Check","checkingpeer","State","Time") values(6, 'hildabur', 'Success', '19:15:21');

insert into p2p("Check","checkingpeer","State","Time") values(7, 'mavissig', 'Start', '15:00:40');
insert into p2p("Check","checkingpeer","State","Time") values(7, 'mavissig', 'Success', '15:26:22');

insert into p2p("Check","checkingpeer","State","Time") values(8, 'mashagwi', 'Start', '19:30:21');
insert into p2p("Check","checkingpeer","State","Time") values(8, 'mashagwi', 'Success', '20:00:00');

insert into p2p("Check","checkingpeer","State","Time") values(9, 'lassandra', 'Start', '10:19:20');
insert into p2p("Check","checkingpeer","State","Time") values(9, 'lassandra', 'Success', '11:20:21');

insert into p2p("Check","checkingpeer","State","Time") values(10, 'vulpixta', 'Start', '15:00:40');
insert into p2p("Check","checkingpeer","State","Time") values(10, 'vulpixta', 'Success', '15:26:22');

insert into p2p("Check","checkingpeer","State","Time") values(11, 'vulpixta', 'Start', '08:01:21');
insert into p2p("Check","checkingpeer","State","Time") values(11, 'vulpixta', 'Success', '08:30:02');

insert into p2p("Check","checkingpeer","State","Time") values(12, 'norridge', 'Start', '18:19:20');
insert into p2p("Check","checkingpeer","State","Time") values(12, 'norridge', 'Success', '19:20:21');

insert into p2p("Check","checkingpeer","State","Time") values(13, 'norridge', 'Start', '15:00:40');
insert into p2p("Check","checkingpeer","State","Time") values(13, 'norridge', 'Success', '15:26:22');

insert into p2p("Check","checkingpeer","State","Time") values(14, 'mavissig', 'Start', '15:00:40');
insert into p2p("Check","checkingpeer","State","Time") values(14, 'mavissig', 'Success', '15:26:22');

insert into p2p("Check","checkingpeer","State","Time") values(15, 'mavissig', 'Start', '12:13:14');
insert into p2p("Check","checkingpeer","State","Time") values(15, 'mavissig', 'Failure', '13:14:15');

insert into p2p("Check","checkingpeer","State","Time") values(16, 'norridge', 'Start', '19:30:21');
insert into p2p("Check","checkingpeer","State","Time") values(16, 'norridge', 'Success', '20:00:00');

insert into p2p("Check","checkingpeer","State","Time") values(17, 'mashagwi', 'Start', '19:30:21');
insert into p2p("Check","checkingpeer","State","Time") values(17, 'mashagwi', 'Success', '20:00:00');

insert into p2p("Check","checkingpeer","State","Time") values(18, 'mashagwi', 'Start', '08:01:21');
insert into p2p("Check","checkingpeer","State","Time") values(18, 'mashagwi', 'Success', '08:30:02');

insert into p2p("Check","checkingpeer","State","Time") values(19, 'georgier', 'Start', '20:15:21');
insert into p2p("Check","checkingpeer","State","Time") values(19, 'georgier', 'Success', '21:10:05');

insert into p2p("Check","checkingpeer","State","Time") values(20, 'georgier', 'Start', '08:01:21');
insert into p2p("Check","checkingpeer","State","Time") values(20, 'georgier', 'Success', '08:30:02');

insert into p2p("Check","checkingpeer","State","Time") values(21, 'vulpixta', 'Start', '20:15:21');
insert into p2p("Check","checkingpeer","State","Time") values(21, 'vulpixta', 'Success', '21:10:05');

insert into p2p("Check","checkingpeer","State","Time") values(22, 'mavissig', 'Start', '14:16:07');
insert into p2p("Check","checkingpeer","State","Time") values(22, 'mavissig', 'Success', '15:07:55');

insert into p2p("Check","checkingpeer","State","Time") values(23, 'mashagwi', 'Start', '15:00:40');
insert into p2p("Check","checkingpeer","State","Time") values(23, 'mashagwi', 'Success', '15:26:22');

insert into p2p("Check","checkingpeer","State","Time") values(24, 'lassandra', 'Start', '15:00:40');
insert into p2p("Check","checkingpeer","State","Time") values(24, 'lassandra', 'Success', '15:26:22');

insert into p2p("Check","checkingpeer","State","Time") values(25, 'norridge', 'Start', '14:16:07');
insert into p2p("Check","checkingpeer","State","Time") values(25, 'norridge', 'Success', '15:07:55');

insert into p2p("Check","checkingpeer","State","Time") values(26, 'mavissig', 'Start', '14:16:07');
insert into p2p("Check","checkingpeer","State","Time") values(26, 'mavissig', 'Success', '15:07:55');

insert into p2p("Check","checkingpeer","State","Time") values(27, 'mavissig', 'Start', '19:30:21');
insert into p2p("Check","checkingpeer","State","Time") values(27, 'mavissig', 'Success', '20:00:00');

insert into p2p("Check","checkingpeer","State","Time") values(28, 'norridge', 'Start', '20:15:21');
insert into p2p("Check","checkingpeer","State","Time") values(28, 'norridge', 'Success', '21:10:05');

insert into p2p("Check","checkingpeer","State","Time") values(29, 'hildabur', 'Start', '17:18:19');
insert into p2p("Check","checkingpeer","State","Time") values(29, 'hildabur', 'Success', '18:19:20');

insert into p2p("Check","checkingpeer","State","Time") values(30, 'vulpixta', 'Start', '08:01:21');
insert into p2p("Check","checkingpeer","State","Time") values(30, 'vulpixta', 'Success', '08:30:02');

insert into p2p("Check","checkingpeer","State","Time") values(31, 'hildabur', 'Start', '14:16:07');
insert into p2p("Check","checkingpeer","State","Time") values(31, 'hildabur', 'Success', '15:07:55');

insert into p2p("Check","checkingpeer","State","Time") values(32, 'norridge', 'Start', '19:30:21');
insert into p2p("Check","checkingpeer","State","Time") values(32, 'norridge', 'Success', '20:00:00');

insert into p2p("Check","checkingpeer","State","Time") values(33, 'mashagwi', 'Start', '15:00:40');
insert into p2p("Check","checkingpeer","State","Time") values(33, 'mashagwi', 'Success', '15:26:22');

insert into p2p("Check","checkingpeer","State","Time") values(34, 'mashagwi', 'Start', '16:00:57');

insert into p2p("Check","checkingpeer","State","Time") values(35, 'lassandra', 'Start', '20:15:21');
insert into p2p("Check","checkingpeer","State","Time") values(35, 'lassandra', 'Success', '21:10:05');

insert into p2p("Check","checkingpeer","State","Time") values(36, 'hildabur', 'Start', '08:01:21');
insert into p2p("Check","checkingpeer","State","Time") values(36, 'hildabur', 'Success', '08:30:02');

insert into p2p("Check","checkingpeer","State","Time") values(37, 'hildabur', 'Start', '16:00:57');
insert into p2p("Check","checkingpeer","State","Time") values(37, 'hildabur', 'Failure', '17:00:25');

insert into p2p("Check","checkingpeer","State","Time") values(38, 'mavissig', 'Start', '20:15:21');
insert into p2p("Check","checkingpeer","State","Time") values(38, 'mavissig', 'Success', '21:10:05');

insert into p2p("Check","checkingpeer","State","Time") values(39, 'vulpixta', 'Start', '14:16:07');
insert into p2p("Check","checkingpeer","State","Time") values(39, 'vulpixta', 'Success', '15:07:55');

insert into p2p("Check","checkingpeer","State","Time") values(40, 'norridge', 'Start', '14:16:07');
insert into p2p("Check","checkingpeer","State","Time") values(40, 'norridge', 'Success', '15:07:55');

insert into p2p("Check","checkingpeer","State","Time") values(41, 'norridge', 'Start', '20:21:22');
insert into p2p("Check","checkingpeer","State","Time") values(41, 'norridge', 'Success', '21:22:23');

insert into p2p("Check","checkingpeer","State","Time") values(42, 'lassandra', 'Start', '15:00:40');

insert into p2p("Check","checkingpeer","State","Time") values(43, 'norridge', 'Start', '08:01:21');
insert into p2p("Check","checkingpeer","State","Time") values(43, 'norridge', 'Success', '08:30:02');

insert into p2p("Check","checkingpeer","State","Time") values(44, 'vulpixta', 'Start', '19:30:21');
insert into p2p("Check","checkingpeer","State","Time") values(44, 'vulpixta', 'Success', '20:00:00');

insert into p2p("Check","checkingpeer","State","Time") values(45, 'vulpixta', 'Start', '16:00:57');
insert into p2p("Check","checkingpeer","State","Time") values(45, 'vulpixta', 'Success', '17:00:25');

insert into p2p("Check","checkingpeer","State","Time") values(46, 'hildabur', 'Start', '08:01:21');
insert into p2p("Check","checkingpeer","State","Time") values(46, 'hildabur', 'Success', '08:30:02');

insert into p2p("Check","checkingpeer","State","Time") values(47, 'hildabur', 'Start', '15:00:40');
insert into p2p("Check","checkingpeer","State","Time") values(47, 'hildabur', 'Success', '15:26:22');

insert into p2p("Check","checkingpeer","State","Time") values(48, 'hildabur', 'Start', '20:15:21');
insert into p2p("Check","checkingpeer","State","Time") values(48, 'hildabur', 'Failure', '21:10:05');

insert into p2p("Check","checkingpeer","State","Time") values(49, 'mashagwi', 'Start', '21:22:23');
insert into p2p("Check","checkingpeer","State","Time") values(49, 'mashagwi', 'Failure', '22:23:24');

insert into p2p("Check","checkingpeer","State","Time") values(50, 'lassandra', 'Start', '14:16:07');
insert into p2p("Check","checkingpeer","State","Time") values(50, 'lassandra', 'Success', '15:07:55');

insert into p2p("Check","checkingpeer","State","Time") values(51, 'vulpixta', 'Start', '21:16:07');
insert into p2p("Check","checkingpeer","State","Time") values(51, 'vulpixta', 'Success', '21:40:55');

insert into p2p("Check","checkingpeer","State","Time") values(52, 'vulpixta', 'Start', '23:00:05');
insert into p2p("Check","checkingpeer","State","Time") values(52, 'vulpixta', 'Success', '23:30:55');

insert into p2p("Check","checkingpeer","State","Time") values(53, 'mavissig', 'Start', '22:00:05');
insert into p2p("Check","checkingpeer","State","Time") values(53, 'mavissig', 'Success', '22:30:55');

insert into p2p("Check","checkingpeer","State","Time") values(54, 'mashagwi', 'Start', '20:00:05');
insert into p2p("Check","checkingpeer","State","Time") values(54, 'mashagwi', 'Success', '21:30:55');


insert into timetracking values(fnc_next_id('timetracking'), 'norridge', '2023-12-01', '11:24:11', 1);
insert into timetracking values(fnc_next_id('timetracking'), 'norridge', '2023-12-01', '23:42:00', 2);

insert into timetracking values(fnc_next_id('timetracking'), 'hildabur', '2023-12-01', '09:05:54', 1);
insert into timetracking values(fnc_next_id('timetracking'), 'hildabur', '2023-12-01', '23:42:00', 2);

insert into timetracking values(fnc_next_id('timetracking'), 'georgier', '2023-12-05', '13:44:01', 1);
insert into timetracking values(fnc_next_id('timetracking'), 'georgier', '2023-12-05', '23:42:00', 2);

insert into timetracking values(fnc_next_id('timetracking'), 'vulpixta', '2023-12-07', '00:00:00', 1);
insert into timetracking values(fnc_next_id('timetracking'), 'vulpixta', '2023-12-07', '23:59:59', 2);

insert into timetracking values(fnc_next_id('timetracking'), 'hildabur', '2023-12-10', '23:59:59', 1);
insert into timetracking values(fnc_next_id('timetracking'), 'hildabur', '2023-12-11', '02:42:59', 2);

insert into timetracking values(fnc_next_id('timetracking'), 'mashagwi', '2023-12-11', '05:41:34', 1);
insert into timetracking values(fnc_next_id('timetracking'), 'mashagwi', '2023-12-11', '20:30:47', 2);

insert into timetracking values(fnc_next_id('timetracking'), 'mashagwi', '2023-12-24', '10:14:22', 1);
insert into timetracking values(fnc_next_id('timetracking'), 'mashagwi', '2023-12-24', '12:29:17', 2);

insert into timetracking values(fnc_next_id('timetracking'), 'lassandra', '2023-12-28', '20:30:47', 1);
insert into timetracking values(fnc_next_id('timetracking'), 'lassandra', '2023-12-29', '00:49:44', 2);

insert into timetracking values(fnc_next_id('timetracking'), 'lassandra', '2023-12-30', '13:49:44', 1);
insert into timetracking values(fnc_next_id('timetracking'), 'lassandra', '2023-12-31', '05:17:02', 2);

insert into timetracking values(fnc_next_id('timetracking'), 'vulpixta', '2023-12-30', '19:07:45', 1);
insert into timetracking values(fnc_next_id('timetracking'), 'vulpixta', '2023-12-31', '03:17:55', 2);

insert into timetracking values(fnc_next_id('timetracking'), 'mashagwi', '2023-01-01', '00:00:00', 1);
insert into timetracking values(fnc_next_id('timetracking'), 'mashagwi', '2023-01-01', '23:59:59', 2);

insert into timetracking values(fnc_next_id('timetracking'), 'hildabur', '2023-01-01', '10:10:00', 1);
insert into timetracking values(fnc_next_id('timetracking'), 'hildabur', '2023-01-01', '22:05:59', 2);

insert into timetracking values(fnc_next_id('timetracking'), 'vulpixta', '2023-01-01', '00:00:00', 1);
insert into timetracking values(fnc_next_id('timetracking'), 'vulpixta', '2023-01-01', '00:59:59', 2);

insert into timetracking values(fnc_next_id('timetracking'), 'mavissig', '2023-01-10', '08:50:52', 1);
insert into timetracking values(fnc_next_id('timetracking'), 'mavissig', '2023-01-10', '17:04:02', 2);

insert into timetracking values(fnc_next_id('timetracking'), 'hildabur', '2023-01-20', '15:59:59', 1);
insert into timetracking values(fnc_next_id('timetracking'), 'hildabur', '2023-01-20', '23:59:52', 2);

insert into timetracking values(fnc_next_id('timetracking'), 'mashagwi', '2023-01-30', '09:41:34', 1);
insert into timetracking values(fnc_next_id('timetracking'), 'mashagwi', '2023-01-30', '20:00:47', 2);

insert into timetracking values(fnc_next_id('timetracking'), 'lassandra', '2023-02-04', '00:00:00', 1);
insert into timetracking values(fnc_next_id('timetracking'), 'lassandra', '2023-02-05', '00:50:44', 2);

insert into timetracking values(fnc_next_id('timetracking'), 'norridge', '2023-02-04', '03:15:54', 1);
insert into timetracking values(fnc_next_id('timetracking'), 'norridge', '2023-02-04', '11:24:14', 2);

insert into timetracking values(fnc_next_id('timetracking'), 'georgier', '2023-02-05', '11:01:45', 1);
insert into timetracking values(fnc_next_id('timetracking'), 'georgier', '2023-02-05', '19:14:34', 2);

insert into timetracking values(fnc_next_id('timetracking'), 'lassandra', '2023-02-12', '21:14:05', 1);
insert into timetracking values(fnc_next_id('timetracking'), 'lassandra', '2023-02-13', '00:07:42', 2);

insert into timetracking values(fnc_next_id('timetracking'), 'georgier', '2023-02-16', '13:49:44', 1);
insert into timetracking values(fnc_next_id('timetracking'), 'georgier', '2023-02-17', '05:17:02', 2);

insert into timetracking values(fnc_next_id('timetracking'), 'mavissig', '2023-02-25', '19:07:45', 1);
insert into timetracking values(fnc_next_id('timetracking'), 'mavissig', '2023-02-25', '22:14:04', 2);

insert into timetracking values(fnc_next_id('timetracking'), 'vulpixta', '2023-02-27', '10:08:21', 1);
insert into timetracking values(fnc_next_id('timetracking'), 'vulpixta', '2023-02-27', '20:05:17', 2);

insert into timetracking values(fnc_next_id('timetracking'), 'mashagwi', '2023-03-07', '00:00:00', 1);
insert into timetracking values(fnc_next_id('timetracking'), 'mashagwi', '2023-03-08', '09:04:16', 2);

insert into timetracking values(fnc_next_id('timetracking'), 'mavissig', '2023-03-07', '01:14:00', 1);
insert into timetracking values(fnc_next_id('timetracking'), 'mavissig', '2023-03-07', '17:04:02', 2);

insert into timetracking values(fnc_next_id('timetracking'), 'mashagwi', '2023-03-08', '19:50:52', 1);
insert into timetracking values(fnc_next_id('timetracking'), 'mashagwi', '2023-03-08', '21:04:02', 2);


insert into timetracking values(fnc_next_id('timetracking'), 'username1', '2024-01-01', '00:00:00', 1);
insert into timetracking values(fnc_next_id('timetracking'), 'username1', '2024-01-01', '23:59:58', 2);

insert into timetracking values(fnc_next_id('timetracking'), 'username1', '2024-01-02', '00:00:00', 1);
insert into timetracking values(fnc_next_id('timetracking'), 'username1', '2024-01-02', '23:59:59', 2);

insert into timetracking values(fnc_next_id('timetracking'), 'username1', '2024-01-03', '00:00:00', 1);
insert into timetracking values(fnc_next_id('timetracking'), 'username1', '2024-01-04', '00:00:00', 2);

insert into timetracking values(fnc_next_id('timetracking'), 'username2', '2024-01-05', '12:53:21', 1);
insert into timetracking values(fnc_next_id('timetracking'), 'username2', '2024-01-05', '21:01:31', 2);

insert into timetracking values(fnc_next_id('timetracking'), 'username2', '2024-01-06', '13:22:13', 1);
insert into timetracking values(fnc_next_id('timetracking'), 'username2', '2024-01-06', '16:21:53', 2);

insert into timetracking values(fnc_next_id('timetracking'), 'username3', '2024-01-07', '00:00:00', 1);
insert into timetracking values(fnc_next_id('timetracking'), 'username3', '2024-01-07', '23:59:59', 2);

insert into timetracking values(fnc_next_id('timetracking'), 'username2', '2024-01-08', '00:00:00', 1);
insert into timetracking values(fnc_next_id('timetracking'), 'username2', '2024-01-08', '23:59:59', 2);
insert into timetracking values(fnc_next_id('timetracking'), 'username3', '2024-01-08', '00:00:00', 1);\


insert into friends values(fnc_next_id('friends'), 'norridge', 'georgier');
insert into friends values(fnc_next_id('friends'), 'norridge', 'mavissig');
insert into friends values(fnc_next_id('friends'), 'norridge', 'lassandra');
insert into friends values(fnc_next_id('friends'), 'georgier', 'hildabur');
insert into friends values(fnc_next_id('friends'), 'georgier', 'mavissig');
insert into friends values(fnc_next_id('friends'), 'hildabur', 'lassandra');
insert into friends values(fnc_next_id('friends'), 'hildabur', 'vulpixta');
insert into friends values(fnc_next_id('friends'), 'vulpixta', 'norridge');
insert into friends values(fnc_next_id('friends'), 'vulpixta', 'mashagwi');
insert into friends values(fnc_next_id('friends'), 'mashagwi', 'norridge');
insert into friends values(fnc_next_id('friends'), 'mavissig', 'hildabur');
insert into friends values(fnc_next_id('friends'), 'lassandra', 'mavissig');


insert into recommendations values(fnc_next_id('recommendations'), 'norridge', 'hildabur');
insert into recommendations values(fnc_next_id('recommendations'), 'norridge', 'vulpixta');
insert into recommendations values(fnc_next_id('recommendations'), 'norridge', 'mashagwi');
insert into recommendations values(fnc_next_id('recommendations'), 'georgier', 'vulpixta');
insert into recommendations values(fnc_next_id('recommendations'), 'hildabur', 'mavissig');
insert into recommendations values(fnc_next_id('recommendations'), 'hildabur', 'lassandra');
insert into recommendations values(fnc_next_id('recommendations'), 'vulpixta', 'georgier');
insert into recommendations values(fnc_next_id('recommendations'), 'vulpixta', 'lassandra');
insert into recommendations values(fnc_next_id('recommendations'), 'mashagwi', 'lassandra');
insert into recommendations values(fnc_next_id('recommendations'), 'mashagwi', 'norridge');
insert into recommendations values(fnc_next_id('recommendations'), 'mashagwi', 'vulpixta');
insert into recommendations values(fnc_next_id('recommendations'), 'mashagwi', 'mavissig');
insert into recommendations values(fnc_next_id('recommendations'), 'lassandra', 'georgier');
insert into recommendations values(fnc_next_id('recommendations'), 'mavissig', 'georgier');
insert into recommendations values(fnc_next_id('recommendations'), 'mavissig', 'vulpixta');
insert into recommendations values(fnc_next_id('recommendations'), 'mavissig', 'lassandra');


insert into xp values(fnc_next_id('xp'), 1, 300);
insert into xp values(fnc_next_id('xp'), 2, 300);
insert into xp values(fnc_next_id('xp'), 3, 300);
insert into xp values(fnc_next_id('xp'), 4, 400);
insert into xp values(fnc_next_id('xp'), 5, 240);
insert into xp values(fnc_next_id('xp'), 6, 400);
insert into xp values(fnc_next_id('xp'), 7, 300);
insert into xp values(fnc_next_id('xp'), 8, 350);
insert into xp values(fnc_next_id('xp'), 9, 300);
insert into xp values(fnc_next_id('xp'), 10, 350);
insert into xp values(fnc_next_id('xp'), 11, 350);
insert into xp values(fnc_next_id('xp'), 12, 350);
insert into xp values(fnc_next_id('xp'), 13, 400);
insert into xp values(fnc_next_id('xp'), 14, 300);
insert into xp values(fnc_next_id('xp'), 16, 400);
insert into xp values(fnc_next_id('xp'), 17, 290);
insert into xp values(fnc_next_id('xp'), 18, 240);
insert into xp values(fnc_next_id('xp'), 19, 300);
insert into xp values(fnc_next_id('xp'), 20, 700);
insert into xp values(fnc_next_id('xp'), 21, 700);
insert into xp values(fnc_next_id('xp'), 22, 300);
insert into xp values(fnc_next_id('xp'), 23, 300);
insert into xp values(fnc_next_id('xp'), 24, 800);
insert into xp values(fnc_next_id('xp'), 25, 800);
insert into xp values(fnc_next_id('xp'), 26, 300);
insert into xp values(fnc_next_id('xp'), 27, 300);
insert into xp values(fnc_next_id('xp'), 29, 400);
insert into xp values(fnc_next_id('xp'), 30, 400);
insert into xp values(fnc_next_id('xp'), 31, 300);
insert into xp values(fnc_next_id('xp'), 32, 300);
insert into xp values(fnc_next_id('xp'), 33, 300);
insert into xp values(fnc_next_id('xp'), 35, 800);
insert into xp values(fnc_next_id('xp'), 36, 340);
insert into xp values(fnc_next_id('xp'), 38, 350);
insert into xp values(fnc_next_id('xp'), 40, 1500);
insert into xp values(fnc_next_id('xp'), 41, 800);
insert into xp values(fnc_next_id('xp'), 43, 1400);
insert into xp values(fnc_next_id('xp'), 44, 1500);
insert into xp values(fnc_next_id('xp'), 45, 390);
insert into xp values(fnc_next_id('xp'), 46, 500);
insert into xp values(fnc_next_id('xp'), 47, 500);
insert into xp values(fnc_next_id('xp'), 50, 580);
insert into xp values(fnc_next_id('xp'), 51, 250);
insert into xp values(fnc_next_id('xp'), 52, 1450);
insert into xp values(fnc_next_id('xp'), 53, 400);
insert into xp values(fnc_next_id('xp'), 54, 300);